{"hunt_deer_child": [6.7, 1.3], "hunt_mouse_elephant": [6.9, 1.35], "sail_boat_car": [7.0, 1.0], "photograph_suspect_syllabus": [6.684210526315789, 2.75], "perform_symphony_newsflash": [7.0, 1.2], "perform_scene_blooper": [7.0, 2.789473684210526], "read_notes_papyrus": [7.0, 4.3], "read_order_hieroglyph": [6.6, 3.75], "order_fish_grease": [7.0, 5.1], "order_dress_tractor": [6.65, 2.15], "write_letter_bible": [7.0, 1.0], "write_essay_Potter": [7.0, 1.0], "type_memo_drawing": [7.0, 1.7894736842105263], "steer_tractor_tank": [6.95, 2.05], "steer_wheel_jet": [6.9, 2.2], "study_contract_cat": [7.0, 2.2], "study_wolf_reactor": [7.0, 2.0], "whittle_stick_pawn": [6.526315789473684, 4.85], "drive_car_locomotive": [6.947368421052632, 3.95], "drive_minivan_car": [6.7894736842105265, 6.1], "juggle_balls_cats": [7.0, 1.75], "juggle_balls_birds": [6.95, 2.75], "vacuum_drapes_painting": [5.4, 1.1578947368421053], "vacuum_rug_chameleon": [7.0, 1.6842105263157894], "paddle_canoe_yacht": [6.85, 2.6842105263157894], "paddle_sap_ship": [1.4210526315789473, 1.7], "ride_horse_leopard": [7.0, 1.55], "ride_harley_truck": [6.842105263157895, 1.75], "grill_dog_barn": [6.9, 1.3], "grill_seabass_jellyfish": [6.95, 2.6], "draw_child_canvas": [6.35, 3.7], "draw_building_melody": [6.95, 1.3333333333333333], "stir_soup_acid": [7.0, 2.35], "stir_stew_bleach": [7.0, 1.368421052631579], "explore_cave_fridge": [5.85, 3.15], "explore_tunnel_trunk": [6.25, 2.7], "drink_water_mud": [7.0, 1.25], "drink_coke_acid": [5.9, 1.05], "drink_milk_vodka": [7.0, 1.7], "swallow_frog_hippo": [6.5, 1.0526315789473684], "swallow_water_whiskey": [6.35, 1.894736842105263], "attack_baboon_penguin": [6.0, 2.4], "attack_sheep_helicopter": [6.6, 1.5], "dust_picture_cow": [6.6, 1.85], "dust_chair_bus": [6.45, 3.736842105263158], "count_children_ants": [6.85, 2.9473684210526314], "count_money_birds": [7.0, 2.0526315789473686], "race_challenger_spectator": [6.8, 2.15], "race_dog_turtle": [3.95, 2.6], "play_violin_speakers": [6.85, 2.65], "play_guitar_boy": [7.0, 1.3157894736842106], "paint_model_prisoner": [6.8, 5.35], "paint_canvas_snake": [6.25, 3.9], "paint_rainbow_music": [6.05, 2.0], "park_van_horse": [6.95, 3.5], "park_bus_boat": [5.3, 5.75], "clean_dog_mailman": [6.6, 1.1], "clean_dishes_homework": [7.0, 1.45], "smoke_pipe_None": [6.15, 1.0], "smoke_salmon_otter": [7.0, 2.1], "film_actor_bugs": [6.944444444444445, 5.473684210526316], "film_dancer_trashbags": [6.8, 2.7], "wrestle_opponent_audience": [6.85, 1.4736842105263157], "wrestle_champion_bear": [6.05, 3.0], "fight_enemy_rhino": [7.0, 2.8], "fight_criminals_wolves": [6.8, 2.8], "chew_steak_book": [7.0, 1.7], "chew_toy_car": [7.0, 2.2], "eat_turkey_baby": [6.842105263157895, 1.0], "eat_grass_rabbits": [7.0, 1.9], "eat_pizza_grass": [7.0, 1.95], "bake_bread_pressure": [6.6, 1.0], "cheer_team_rats": [7.0, 2.05], "cheer_player_realtor": [6.894736842105263, 2.7777777777777777], "cheer_band_vultures": [7.0, 2.55], "mop_floor_ceiling": [7.0, 1.368421052631579], "mop_kitchen_donkey": [6.95, 1.4], "cook_meal_cat": [7.0, 1.7], "cook_pizza_plastic": [6.55, 1.6], "cook_soup_water": [6.947368421052632, 3.6], "finish_homework_forms": [6.85, 1.55], "finish_testimony_protest": [4.65, 2.85], "knit_sweater_painting": [5.25, 1.0], "observe_comet_lightbulb": [7.0, 2.45], "start_game_lesson": [7.0, 2.85], "sing_hymn_sermon": [7.0, 2.1], "teach_students_puppies": [7.0, 2.5789473684210527], "check_patient_robot": [7.0, 3.8947368421052633], "help_man_truck": [7.0, 3.1], "lead_assault_cow": [6.8, 4.6], "practice_melody_vacuum": [7.0, 1.0], "practice_scene_flashmob": [7.0, 4.882352941176471], "leave_town_sewers": [7.0, 4.0], "leave_bar_hive": [6.95, 2.75], "harvest_tomatoes_chrysalis": [7.0, 1.8], "harvest_potatoes_skins": [7.0, 1.8], "pull_cart_submarine": [7.0, 1.1], "pull_car_castle": [5.473684210526316, 1.4]}