{"lead": 0.3139152866164535, "start": 0.30842903438342734, "leave": 0.6730889613489147, "drive": 0.4260424831168009, "walk": 0.12626370920988889, "help": 0.255990141695423, "count": 0.3708932405178583, "perform": 0.4113062838290476, "write": 0.336482988278251, "smoke": 0.41162996896704596, "paint": 0.3963042845521781, "study": 0.5428401934206624, "play": 0.4556514928991943, "film": 0.23468683242224622, "bake": 0.314116615519509, "ride": 0.33412562069046664, "sail": 0.1027589722917136, "explore": 0.7747428505755933, "fight": 0.3342519248878303, "attack": 0.6261067019400353, "draw": 0.4864127402383755, "read": 0.5015863423477867, "practice": 0.5566008693617702, "teach": 0.5501636311895276, "knit": 0.12542119056533133, "feed": 0.3103702899337605, "sing": 0.4036108122646584, "order": 0.5568121234424613, "check": 0.45452191699246564, "observe": 0.30071131937819184, "sniff": 0.49740484429065746, "eat": 0.5428856914468425, "finish": 0.38991842673839233, "clean": 0.556792018419033, "type": 0.44415724286483577, "chew": 0.31638021746755524, "hunt": 0.40415727776793176, "pull": 0.5028115230481945, "cheer": 0.37760380260030757, "photograph": 0.4719138125705683, "park": 0.24587822926132677, "harvest": 0.35167256985438805, "drink": 0.49669871117684344, "cook": 0.26044699434834734, "race": 0.16934925457500177, "stir": 0.6663379355687048, "wrestle": 0.33375046347793846, "steer": 0.6123238463663996, "mop": 0.5604575163398693, "swallow": 0.5194868070685064, "dust": 0.2552570093457944, "vacuum": 0.4717832957110609, "whittle": 0.362002567394095, "paddle": 0.27850877192982454, "juggle": 0.6396440929312902, "hot": 0.16666666666666666}