{"GP_prob_GP_question \\ nonGP_prob_GP_question": [0.03524485029424934, -1], "GP_improb_GP_question \\ nonGP_improb_GP_question": [0.21508726425417127, -1], "GP_reflexive_GP_question \\ nonGP_reflexive_GP_question": [1.0833816060595115e-13, -1], "GP_prob_GP_question \\ GP_improb_GP_question": [1.1422219730515783e-28, -1], "nonGP_prob_GP_question \\ nonGP_improb_GP_question": [2.7290071780905782e-24, -1], "simple \\ GP": [0.0, 1], "intervention:category[T.reflexive]": [1.1699202566313148e-07, -1]}